session_id,participant__id_in_session,participant__code,page_index,app_name,page_name,epoch_time,seconds_on_page,subsession_pk,auto_submitted
2,28,845n0pla,1,scale_after_scale,Introduction,1586693741,3,41,False
2,30,deq99ddl,1,scale_after_scale,Introduction,1586693815,3,41,False
2,30,deq99ddl,2,scale_after_scale,GIF,1586693823,8,41,False
2,30,deq99ddl,3,scale_after_scale,MyPage1,1586693836,13,41,False
2,30,deq99ddl,4,scale_after_scale,MyPage2,1586693842,6,41,False
2,30,deq99ddl,5,scale_after_scale,MyPage3,1586693848,6,41,False
2,30,deq99ddl,6,scale_after_scale,MyPage4,1586693862,14,41,False
2,30,deq99ddl,10,scale_after_scale,MyPage1,1586693872,10,42,False
2,30,deq99ddl,11,scale_after_scale,MyPage2,1586693877,5,42,False
2,30,deq99ddl,12,scale_after_scale,MyPage3,1586693884,7,42,False
2,30,deq99ddl,13,scale_after_scale,MyPage4,1586693890,6,42,False
2,30,deq99ddl,17,scale_after_scale,MyPage1,1586693902,12,43,False
2,30,deq99ddl,18,scale_after_scale,MyPage2,1586693906,4,43,False
2,30,deq99ddl,19,scale_after_scale,MyPage3,1586693908,2,43,False
2,30,deq99ddl,20,scale_after_scale,MyPage4,1586693912,4,43,False
2,30,deq99ddl,24,scale_after_scale,MyPage1,1586693923,11,44,False
2,30,deq99ddl,25,scale_after_scale,MyPage2,1586693925,2,44,False
2,30,deq99ddl,26,scale_after_scale,MyPage3,1586693929,4,44,False
2,30,deq99ddl,27,scale_after_scale,MyPage4,1586693931,2,44,False
2,30,deq99ddl,31,scale_after_scale,MyPage1,1586693938,7,45,False
2,30,deq99ddl,32,scale_after_scale,MyPage2,1586693941,3,45,False
2,30,deq99ddl,33,scale_after_scale,MyPage3,1586693943,2,45,False
2,30,deq99ddl,34,scale_after_scale,MyPage4,1586693947,4,45,False
2,30,deq99ddl,38,scale_after_scale,MyPage1,1586693959,12,46,False
2,30,deq99ddl,39,scale_after_scale,MyPage2,1586693963,4,46,False
2,30,deq99ddl,40,scale_after_scale,MyPage3,1586693966,3,46,False
2,30,deq99ddl,41,scale_after_scale,MyPage4,1586693968,2,46,False
2,30,deq99ddl,45,scale_after_scale,MyPage1,1586694096,128,47,False
2,30,deq99ddl,46,scale_after_scale,MyPage2,1586694098,2,47,False
2,30,deq99ddl,47,scale_after_scale,MyPage3,1586694100,2,47,False
2,30,deq99ddl,48,scale_after_scale,MyPage4,1586694102,2,47,False
2,30,deq99ddl,52,scale_after_scale,MyPage1,1586694108,6,48,False
2,30,deq99ddl,53,scale_after_scale,MyPage2,1586694110,2,48,False
2,30,deq99ddl,54,scale_after_scale,MyPage3,1586694112,2,48,False
2,30,deq99ddl,55,scale_after_scale,MyPage4,1586694115,3,48,False
2,30,deq99ddl,59,scale_after_scale,MyPage1,1586694828,713,49,False
2,30,deq99ddl,60,scale_after_scale,MyPage2,1586694830,2,49,False
2,30,deq99ddl,61,scale_after_scale,MyPage3,1586694833,3,49,False
2,30,deq99ddl,62,scale_after_scale,MyPage4,1586694834,1,49,False
2,32,in6rg925,1,scale_after_scale,Introduction,1586693981,17,41,False
2,32,in6rg925,2,scale_after_scale,GIF,1586694000,19,41,False
2,32,in6rg925,3,scale_after_scale,MyPage1,1586694017,17,41,False
2,32,in6rg925,4,scale_after_scale,MyPage2,1586694026,9,41,False
2,32,in6rg925,5,scale_after_scale,MyPage3,1586694037,11,41,False
2,32,in6rg925,6,scale_after_scale,MyPage4,1586694041,4,41,False
2,32,in6rg925,10,scale_after_scale,MyPage1,1586694054,13,42,False
2,32,in6rg925,11,scale_after_scale,MyPage2,1586694062,8,42,False
2,32,in6rg925,12,scale_after_scale,MyPage3,1586694066,4,42,False
2,32,in6rg925,13,scale_after_scale,MyPage4,1586694068,2,42,False
2,32,in6rg925,17,scale_after_scale,MyPage1,1586694083,15,43,False
2,32,in6rg925,18,scale_after_scale,MyPage2,1586694086,3,43,False
2,32,in6rg925,19,scale_after_scale,MyPage3,1586694090,4,43,False
2,32,in6rg925,20,scale_after_scale,MyPage4,1586694092,2,43,False
2,32,in6rg925,24,scale_after_scale,MyPage1,1586694098,6,44,False
2,32,in6rg925,25,scale_after_scale,MyPage2,1586694101,3,44,False
2,32,in6rg925,26,scale_after_scale,MyPage3,1586694103,2,44,False
2,32,in6rg925,27,scale_after_scale,MyPage4,1586694105,2,44,False
2,32,in6rg925,31,scale_after_scale,MyPage1,1586694113,8,45,False
2,32,in6rg925,32,scale_after_scale,MyPage2,1586694115,2,45,False
2,32,in6rg925,33,scale_after_scale,MyPage3,1586694117,2,45,False
2,32,in6rg925,34,scale_after_scale,MyPage4,1586694120,3,45,False
2,33,hdrybow7,1,scale_after_scale,Introduction,1586694022,13,41,False
2,33,hdrybow7,2,scale_after_scale,GIF,1586694040,18,41,False
2,33,hdrybow7,3,scale_after_scale,MyPage1,1586694055,15,41,False
2,33,hdrybow7,4,scale_after_scale,MyPage2,1586694067,12,41,False
2,33,hdrybow7,5,scale_after_scale,MyPage3,1586694074,7,41,False
2,33,hdrybow7,6,scale_after_scale,MyPage4,1586694090,16,41,False
2,34,7x14k42c,1,scale_after_scale,Introduction,1586694070,58,41,False
2,34,7x14k42c,2,scale_after_scale,GIF,1586694086,16,41,False
2,34,7x14k42c,3,scale_after_scale,MyPage1,1586694110,24,41,False
2,34,7x14k42c,4,scale_after_scale,MyPage2,1586694120,10,41,False
2,34,7x14k42c,5,scale_after_scale,MyPage3,1586694129,9,41,False
2,34,7x14k42c,6,scale_after_scale,MyPage4,1586694133,4,41,False
2,34,7x14k42c,10,scale_after_scale,MyPage1,1586694142,9,42,False
2,34,7x14k42c,11,scale_after_scale,MyPage2,1586694165,23,42,False
2,34,7x14k42c,12,scale_after_scale,MyPage3,1586694172,7,42,False
2,34,7x14k42c,13,scale_after_scale,MyPage4,1586694176,4,42,False
2,34,7x14k42c,17,scale_after_scale,MyPage1,1586694189,13,43,False
2,34,7x14k42c,18,scale_after_scale,MyPage2,1586694197,8,43,False
2,34,7x14k42c,19,scale_after_scale,MyPage3,1586694204,7,43,False
2,34,7x14k42c,20,scale_after_scale,MyPage4,1586694209,5,43,False
2,34,7x14k42c,24,scale_after_scale,MyPage1,1586694217,8,44,False
2,34,7x14k42c,25,scale_after_scale,MyPage2,1586694219,2,44,False
2,34,7x14k42c,26,scale_after_scale,MyPage3,1586694222,3,44,False
2,34,7x14k42c,27,scale_after_scale,MyPage4,1586694227,5,44,False
2,34,7x14k42c,31,scale_after_scale,MyPage1,1586694234,7,45,False
2,34,7x14k42c,32,scale_after_scale,MyPage2,1586694236,2,45,False
2,34,7x14k42c,33,scale_after_scale,MyPage3,1586694239,3,45,False
2,34,7x14k42c,34,scale_after_scale,MyPage4,1586694247,8,45,False
2,34,7x14k42c,38,scale_after_scale,MyPage1,1586694258,11,46,False
2,34,7x14k42c,39,scale_after_scale,MyPage2,1586694261,3,46,False
2,34,7x14k42c,40,scale_after_scale,MyPage3,1586694263,2,46,False
2,34,7x14k42c,41,scale_after_scale,MyPage4,1586694265,2,46,False
2,34,7x14k42c,45,scale_after_scale,MyPage1,1586694270,5,47,False
2,34,7x14k42c,46,scale_after_scale,MyPage2,1586694272,2,47,False
2,34,7x14k42c,47,scale_after_scale,MyPage3,1586694274,2,47,False
2,34,7x14k42c,48,scale_after_scale,MyPage4,1586694278,4,47,False
2,34,7x14k42c,52,scale_after_scale,MyPage1,1586694294,16,48,False
2,34,7x14k42c,53,scale_after_scale,MyPage2,1586694298,4,48,False
2,34,7x14k42c,54,scale_after_scale,MyPage3,1586694308,10,48,False
2,34,7x14k42c,55,scale_after_scale,MyPage4,1586694313,5,48,False
2,34,7x14k42c,59,scale_after_scale,MyPage1,1586694323,10,49,False
2,34,7x14k42c,60,scale_after_scale,MyPage2,1586694327,4,49,False
2,34,7x14k42c,61,scale_after_scale,MyPage3,1586694330,3,49,False
2,34,7x14k42c,62,scale_after_scale,MyPage4,1586694332,2,49,False
2,34,7x14k42c,66,scale_after_scale,MyPage1,1586694383,51,50,False
2,34,7x14k42c,67,scale_after_scale,MyPage2,1586694408,25,50,False
2,34,7x14k42c,68,scale_after_scale,MyPage3,1586694412,4,50,False
2,34,7x14k42c,69,scale_after_scale,MyPage4,1586694419,7,50,False
2,34,7x14k42c,70,scale_after_scale,ExitPage,1586694427,8,50,False
2,35,iiimfwc9,1,scale_after_scale,Introduction,1586694191,13,41,False
2,35,iiimfwc9,2,scale_after_scale,GIF,1586694200,9,41,False
2,35,iiimfwc9,3,scale_after_scale,MyPage1,1586694216,16,41,False
2,35,iiimfwc9,4,scale_after_scale,MyPage2,1586694218,2,41,False
2,35,iiimfwc9,5,scale_after_scale,MyPage3,1586694219,1,41,False
2,35,iiimfwc9,6,scale_after_scale,MyPage4,1586694219,0,41,False
2,35,iiimfwc9,10,scale_after_scale,MyPage1,1586694220,1,42,False
2,35,iiimfwc9,11,scale_after_scale,MyPage2,1586694221,1,42,False
2,35,iiimfwc9,12,scale_after_scale,MyPage3,1586694222,1,42,False
2,35,iiimfwc9,13,scale_after_scale,MyPage4,1586694222,0,42,False
2,35,iiimfwc9,17,scale_after_scale,MyPage1,1586694223,1,43,False
2,35,iiimfwc9,18,scale_after_scale,MyPage2,1586694224,1,43,False
2,35,iiimfwc9,19,scale_after_scale,MyPage3,1586694224,0,43,False
2,35,iiimfwc9,20,scale_after_scale,MyPage4,1586694224,0,43,False
2,35,iiimfwc9,24,scale_after_scale,MyPage1,1586694225,1,44,False
2,35,iiimfwc9,25,scale_after_scale,MyPage2,1586694225,0,44,False
2,35,iiimfwc9,26,scale_after_scale,MyPage3,1586694226,1,44,False
2,37,7nvaczf7,1,scale_after_scale,Introduction,1586695283,29,41,False
2,37,7nvaczf7,2,scale_after_scale,GIF,1586695295,12,41,False
2,37,7nvaczf7,3,scale_after_scale,MyPage1,1586695306,11,41,False
2,37,7nvaczf7,4,scale_after_scale,MyPage2,1586695332,26,41,False
2,42,aieyqy5l,1,scale_after_scale,Introduction,1586695882,78,41,False
2,42,aieyqy5l,2,scale_after_scale,GIF,1586710426,14544,41,False
2,42,aieyqy5l,3,scale_after_scale,MyPage1,1586710448,22,41,False
2,42,aieyqy5l,4,scale_after_scale,MyPage2,1586710453,5,41,False
2,45,9i38ol0u,1,scale_after_scale,Introduction,1586696680,5,41,False
2,45,9i38ol0u,2,scale_after_scale,GIF,1586697155,475,41,False
2,45,9i38ol0u,3,scale_after_scale,MyPage1,1586697164,9,41,False
2,45,9i38ol0u,4,scale_after_scale,MyPage2,1586697171,7,41,False
2,46,6lswrxfv,1,scale_after_scale,Introduction,1586697091,5,41,False
2,46,6lswrxfv,2,scale_after_scale,GIF,1586697101,10,41,False
2,46,6lswrxfv,3,scale_after_scale,MyPage1,1586697117,16,41,False
2,46,6lswrxfv,4,scale_after_scale,MyPage2,1586697124,7,41,False
2,46,6lswrxfv,5,scale_after_scale,MyPage3,1586697127,3,41,False
2,46,6lswrxfv,6,scale_after_scale,MyPage4,1586697130,3,41,False
2,46,6lswrxfv,10,scale_after_scale,MyPage1,1586697144,14,42,False
2,46,6lswrxfv,11,scale_after_scale,MyPage2,1586697148,4,42,False
2,46,6lswrxfv,12,scale_after_scale,MyPage3,1586697158,10,42,False
2,46,6lswrxfv,13,scale_after_scale,MyPage4,1586697163,5,42,False
2,46,6lswrxfv,17,scale_after_scale,MyPage1,1586697172,9,43,False
2,46,6lswrxfv,18,scale_after_scale,MyPage2,1586697175,3,43,False
2,46,6lswrxfv,19,scale_after_scale,MyPage3,1586697177,2,43,False
2,46,6lswrxfv,20,scale_after_scale,MyPage4,1586697179,2,43,False
2,46,6lswrxfv,24,scale_after_scale,MyPage1,1586697187,8,44,False
2,46,6lswrxfv,25,scale_after_scale,MyPage2,1586697191,4,44,False
2,46,6lswrxfv,26,scale_after_scale,MyPage3,1586697194,3,44,False
2,46,6lswrxfv,27,scale_after_scale,MyPage4,1586697197,3,44,False
2,46,6lswrxfv,31,scale_after_scale,MyPage1,1586697215,18,45,False
2,46,6lswrxfv,32,scale_after_scale,MyPage2,1586697222,7,45,False
2,46,6lswrxfv,33,scale_after_scale,MyPage3,1586697224,2,45,False
2,46,6lswrxfv,34,scale_after_scale,MyPage4,1586697231,7,45,False
2,48,4mjhbhi3,1,scale_after_scale,Introduction,1586699457,19,41,False
2,48,4mjhbhi3,2,scale_after_scale,GIF,1586699477,20,41,False
2,48,4mjhbhi3,3,scale_after_scale,MyPage1,1586699488,11,41,False
2,48,4mjhbhi3,4,scale_after_scale,MyPage2,1586699492,4,41,False
2,48,4mjhbhi3,5,scale_after_scale,MyPage3,1586699524,32,41,False
2,48,4mjhbhi3,6,scale_after_scale,MyPage4,1586699528,4,41,False
2,55,1rdlc3g6,1,scale_after_scale,Introduction,1586707067,27,41,False
2,55,1rdlc3g6,2,scale_after_scale,GIF,1586707069,2,41,False
2,55,1rdlc3g6,3,scale_after_scale,MyPage1,1586707084,15,41,False
2,55,1rdlc3g6,4,scale_after_scale,MyPage2,1586707124,40,41,False
2,55,1rdlc3g6,5,scale_after_scale,MyPage3,1586707131,7,41,False
2,55,1rdlc3g6,6,scale_after_scale,MyPage4,1586707139,8,41,False
3,10,pgt6ehbj,1,scale_after_scale,Introduction,1586717541,126,81,False
3,10,pgt6ehbj,2,scale_after_scale,GIF,1586717565,24,81,False
3,10,pgt6ehbj,3,scale_after_scale,MyPage1,1586717590,25,81,False
3,10,pgt6ehbj,4,scale_after_scale,MyPage2,1586717596,6,81,False
3,10,pgt6ehbj,5,scale_after_scale,MyPage3,1586717621,25,81,False
3,10,pgt6ehbj,6,scale_after_scale,MyPage4,1586717625,4,81,False
3,10,pgt6ehbj,10,scale_after_scale,MyPage1,1586717702,77,82,False
3,10,pgt6ehbj,11,scale_after_scale,MyPage2,1586717706,4,82,False
3,10,pgt6ehbj,12,scale_after_scale,MyPage3,1586717709,3,82,False
3,10,pgt6ehbj,13,scale_after_scale,MyPage4,1586717729,20,82,False
3,10,pgt6ehbj,17,scale_after_scale,MyPage1,1586725361,7632,83,False
3,10,pgt6ehbj,18,scale_after_scale,MyPage2,1586725366,5,83,False
3,10,pgt6ehbj,19,scale_after_scale,MyPage3,1586725372,6,83,False
3,10,pgt6ehbj,20,scale_after_scale,MyPage4,1586725378,6,83,False
3,10,pgt6ehbj,24,scale_after_scale,MyPage1,1586725387,9,84,False
3,10,pgt6ehbj,25,scale_after_scale,MyPage2,1586725392,5,84,False
3,10,pgt6ehbj,26,scale_after_scale,MyPage3,1586725397,5,84,False
3,10,pgt6ehbj,27,scale_after_scale,MyPage4,1586725403,6,84,False
3,10,pgt6ehbj,31,scale_after_scale,MyPage1,1586725434,31,85,False
3,10,pgt6ehbj,32,scale_after_scale,MyPage2,1586725441,7,85,False
3,10,pgt6ehbj,33,scale_after_scale,MyPage3,1586725447,6,85,False
3,10,pgt6ehbj,34,scale_after_scale,MyPage4,1586725450,3,85,False
3,10,pgt6ehbj,38,scale_after_scale,MyPage1,1586725465,15,86,False
3,10,pgt6ehbj,39,scale_after_scale,MyPage2,1586725470,5,86,False
3,10,pgt6ehbj,40,scale_after_scale,MyPage3,1586725473,3,86,False
3,10,pgt6ehbj,41,scale_after_scale,MyPage4,1586725477,4,86,False
3,12,oklnh3g3,1,scale_after_scale,Introduction,1586717512,61,81,False
3,12,oklnh3g3,2,scale_after_scale,GIF,1586717535,23,81,False
3,13,bukvi5wh,1,scale_after_scale,Introduction,1586717493,30,81,False
3,13,bukvi5wh,2,scale_after_scale,GIF,1586717521,28,81,False
3,13,bukvi5wh,3,scale_after_scale,MyPage1,1586717539,18,81,False
3,13,bukvi5wh,4,scale_after_scale,MyPage2,1586717569,30,81,False
3,13,bukvi5wh,5,scale_after_scale,MyPage3,1586717578,9,81,False
3,13,bukvi5wh,6,scale_after_scale,MyPage4,1586717590,12,81,False
3,13,bukvi5wh,10,scale_after_scale,MyPage1,1586717604,14,82,False
3,13,bukvi5wh,11,scale_after_scale,MyPage2,1586717607,3,82,False
3,13,bukvi5wh,12,scale_after_scale,MyPage3,1586717611,4,82,False
3,13,bukvi5wh,13,scale_after_scale,MyPage4,1586717614,3,82,False
3,13,bukvi5wh,17,scale_after_scale,MyPage1,1586717623,9,83,False
3,13,bukvi5wh,18,scale_after_scale,MyPage2,1586717627,4,83,False
3,13,bukvi5wh,19,scale_after_scale,MyPage3,1586717635,8,83,False
3,13,bukvi5wh,20,scale_after_scale,MyPage4,1586717640,5,83,False
3,13,bukvi5wh,24,scale_after_scale,MyPage1,1586717660,20,84,False
3,13,bukvi5wh,25,scale_after_scale,MyPage2,1586717666,6,84,False
3,13,bukvi5wh,26,scale_after_scale,MyPage3,1586717670,4,84,False
3,13,bukvi5wh,27,scale_after_scale,MyPage4,1586717675,5,84,False
3,16,nycqkbaj,1,scale_after_scale,Introduction,1586717581,3,81,False
3,18,h7ubx29o,1,scale_after_scale,Introduction,1586717954,60,81,False
3,19,yy3of7q9,1,scale_after_scale,Introduction,1586718263,30,81,False
3,20,xpc3x54z,1,scale_after_scale,Introduction,1586718299,3,81,False
3,20,xpc3x54z,2,scale_after_scale,GIF,1586718314,15,81,False
3,21,3b7mi6nx,1,scale_after_scale,Introduction,1586719877,40,81,False
3,21,3b7mi6nx,2,scale_after_scale,GIF,1586719879,2,81,False
3,21,3b7mi6nx,3,scale_after_scale,MyPage1,1586719904,25,81,False
3,24,1dmjjb7y,1,scale_after_scale,Introduction,1586721738,9,81,False
3,24,1dmjjb7y,2,scale_after_scale,GIF,1586721749,11,81,False
3,26,cnid4l8v,1,scale_after_scale,Introduction,1586790890,65474,81,False
3,26,cnid4l8v,2,scale_after_scale,GIF,1586790904,14,81,False
3,26,cnid4l8v,3,scale_after_scale,MyPage1,1586790931,27,81,False
3,26,cnid4l8v,4,scale_after_scale,MyPage2,1586790937,6,81,False
3,26,cnid4l8v,5,scale_after_scale,MyPage3,1586790943,6,81,False
3,26,cnid4l8v,6,scale_after_scale,MyPage4,1586790979,36,81,False
3,26,cnid4l8v,10,scale_after_scale,MyPage1,1586790995,16,82,False
3,26,cnid4l8v,11,scale_after_scale,MyPage2,1586791011,16,82,False
3,26,cnid4l8v,12,scale_after_scale,MyPage3,1586791013,2,82,False
3,26,cnid4l8v,13,scale_after_scale,MyPage4,1586791015,2,82,False
3,26,cnid4l8v,17,scale_after_scale,MyPage1,1586791079,64,83,False
3,26,cnid4l8v,18,scale_after_scale,MyPage2,1586791084,5,83,False
3,26,cnid4l8v,19,scale_after_scale,MyPage3,1586791087,3,83,False
3,26,cnid4l8v,20,scale_after_scale,MyPage4,1586791090,3,83,False
3,26,cnid4l8v,24,scale_after_scale,MyPage1,1586791158,68,84,False
3,28,xojatd5e,1,scale_after_scale,Introduction,1586728089,6,81,False
3,28,xojatd5e,2,scale_after_scale,GIF,1586728093,4,81,False
3,33,vz3p6i0u,1,scale_after_scale,Introduction,1586760345,60,81,False
3,33,vz3p6i0u,2,scale_after_scale,GIF,1586760366,21,81,False
3,33,vz3p6i0u,3,scale_after_scale,MyPage1,1586760379,13,81,False
3,33,vz3p6i0u,4,scale_after_scale,MyPage2,1586760396,17,81,False
3,33,vz3p6i0u,5,scale_after_scale,MyPage3,1586760403,7,81,False
3,33,vz3p6i0u,6,scale_after_scale,MyPage4,1586760409,6,81,False
3,33,vz3p6i0u,10,scale_after_scale,MyPage1,1586760431,22,82,False
3,33,vz3p6i0u,11,scale_after_scale,MyPage2,1586760442,11,82,False
3,33,vz3p6i0u,12,scale_after_scale,MyPage3,1586760455,13,82,False
3,33,vz3p6i0u,13,scale_after_scale,MyPage4,1586760459,4,82,False
3,33,vz3p6i0u,17,scale_after_scale,MyPage1,1586760492,33,83,False
3,33,vz3p6i0u,18,scale_after_scale,MyPage2,1586760496,4,83,False
3,33,vz3p6i0u,19,scale_after_scale,MyPage3,1586760499,3,83,False
3,33,vz3p6i0u,20,scale_after_scale,MyPage4,1586760501,2,83,False
3,33,vz3p6i0u,24,scale_after_scale,MyPage1,1586760522,21,84,False
3,33,vz3p6i0u,25,scale_after_scale,MyPage2,1586760523,1,84,False
3,33,vz3p6i0u,26,scale_after_scale,MyPage3,1586760527,4,84,False
3,33,vz3p6i0u,27,scale_after_scale,MyPage4,1586760531,4,84,False
3,33,vz3p6i0u,31,scale_after_scale,MyPage1,1586760553,22,85,False
3,33,vz3p6i0u,32,scale_after_scale,MyPage2,1586760559,6,85,False
3,33,vz3p6i0u,33,scale_after_scale,MyPage3,1586760561,2,85,False
3,33,vz3p6i0u,34,scale_after_scale,MyPage4,1586760565,4,85,False
3,33,vz3p6i0u,38,scale_after_scale,MyPage1,1586760614,49,86,False
3,33,vz3p6i0u,39,scale_after_scale,MyPage2,1586760623,9,86,False
3,33,vz3p6i0u,40,scale_after_scale,MyPage3,1586760627,4,86,False
3,33,vz3p6i0u,41,scale_after_scale,MyPage4,1586760630,3,86,False
3,33,vz3p6i0u,45,scale_after_scale,MyPage1,1586760659,29,87,False
3,33,vz3p6i0u,46,scale_after_scale,MyPage2,1586760662,3,87,False
3,33,vz3p6i0u,47,scale_after_scale,MyPage3,1586760663,1,87,False
3,33,vz3p6i0u,48,scale_after_scale,MyPage4,1586760665,2,87,False
3,33,vz3p6i0u,52,scale_after_scale,MyPage1,1586760762,97,88,False
3,33,vz3p6i0u,53,scale_after_scale,MyPage2,1586760764,2,88,False
3,33,vz3p6i0u,54,scale_after_scale,MyPage3,1586760785,21,88,False
3,33,vz3p6i0u,55,scale_after_scale,MyPage4,1586760787,2,88,False
3,33,vz3p6i0u,59,scale_after_scale,MyPage1,1586760792,5,89,False
3,33,vz3p6i0u,60,scale_after_scale,MyPage2,1586760795,3,89,False
3,33,vz3p6i0u,61,scale_after_scale,MyPage3,1586760799,4,89,False
3,33,vz3p6i0u,62,scale_after_scale,MyPage4,1586760801,2,89,False
3,33,vz3p6i0u,66,scale_after_scale,MyPage1,1586760837,36,90,False
3,33,vz3p6i0u,67,scale_after_scale,MyPage2,1586760838,1,90,False
3,33,vz3p6i0u,68,scale_after_scale,MyPage3,1586760839,1,90,False
3,33,vz3p6i0u,69,scale_after_scale,MyPage4,1586760840,1,90,False
3,33,vz3p6i0u,70,scale_after_scale,ExitPage,1586760851,11,90,False
3,33,vz3p6i0u,73,scale_after_scale,MyPage1,1586760877,26,91,False
3,33,vz3p6i0u,74,scale_after_scale,MyPage2,1586760879,2,91,False
3,33,vz3p6i0u,75,scale_after_scale,MyPage3,1586760881,2,91,False
3,33,vz3p6i0u,76,scale_after_scale,MyPage4,1586760884,3,91,False
3,33,vz3p6i0u,80,scale_after_scale,MyPage1,1586760897,13,92,False
3,33,vz3p6i0u,81,scale_after_scale,MyPage2,1586760899,2,92,False
3,33,vz3p6i0u,82,scale_after_scale,MyPage3,1586760901,2,92,False
3,33,vz3p6i0u,83,scale_after_scale,MyPage4,1586760902,1,92,False
3,33,vz3p6i0u,87,scale_after_scale,MyPage1,1586760918,16,93,False
3,33,vz3p6i0u,88,scale_after_scale,MyPage2,1586760920,2,93,False
3,33,vz3p6i0u,89,scale_after_scale,MyPage3,1586760921,1,93,False
3,33,vz3p6i0u,90,scale_after_scale,MyPage4,1586760925,4,93,False
3,33,vz3p6i0u,94,scale_after_scale,MyPage1,1586760937,12,94,False
3,33,vz3p6i0u,95,scale_after_scale,MyPage2,1586760940,3,94,False
3,33,vz3p6i0u,96,scale_after_scale,MyPage3,1586760941,1,94,False
3,33,vz3p6i0u,97,scale_after_scale,MyPage4,1586760944,3,94,False
3,33,vz3p6i0u,101,scale_after_scale,MyPage1,1586760956,12,95,False
3,33,vz3p6i0u,102,scale_after_scale,MyPage2,1586760957,1,95,False
3,33,vz3p6i0u,103,scale_after_scale,MyPage3,1586760959,2,95,False
3,33,vz3p6i0u,104,scale_after_scale,MyPage4,1586760962,3,95,False
3,33,vz3p6i0u,108,scale_after_scale,MyPage1,1586761009,47,96,False
3,33,vz3p6i0u,109,scale_after_scale,MyPage2,1586761010,1,96,False
3,33,vz3p6i0u,110,scale_after_scale,MyPage3,1586761013,3,96,False
3,33,vz3p6i0u,111,scale_after_scale,MyPage4,1586761016,3,96,False
3,33,vz3p6i0u,115,scale_after_scale,MyPage1,1586761028,12,97,False
3,33,vz3p6i0u,116,scale_after_scale,MyPage2,1586761029,1,97,False
3,33,vz3p6i0u,117,scale_after_scale,MyPage3,1586761031,2,97,False
3,33,vz3p6i0u,118,scale_after_scale,MyPage4,1586761032,1,97,False
3,33,vz3p6i0u,122,scale_after_scale,MyPage1,1586761038,6,98,False
3,33,vz3p6i0u,123,scale_after_scale,MyPage2,1586761039,1,98,False
3,33,vz3p6i0u,124,scale_after_scale,MyPage3,1586761041,2,98,False
3,33,vz3p6i0u,125,scale_after_scale,MyPage4,1586761044,3,98,False
3,33,vz3p6i0u,129,scale_after_scale,MyPage1,1586761062,18,99,False
3,33,vz3p6i0u,130,scale_after_scale,MyPage2,1586761064,2,99,False
3,33,vz3p6i0u,131,scale_after_scale,MyPage3,1586761066,2,99,False
3,33,vz3p6i0u,132,scale_after_scale,MyPage4,1586761068,2,99,False
3,33,vz3p6i0u,136,scale_after_scale,MyPage1,1586761078,10,100,False
3,33,vz3p6i0u,137,scale_after_scale,MyPage2,1586761080,2,100,False
3,33,vz3p6i0u,138,scale_after_scale,MyPage3,1586761081,1,100,False
3,33,vz3p6i0u,139,scale_after_scale,MyPage4,1586761083,2,100,False
3,34,y500xdia,1,scale_after_scale,Introduction,1586760570,26,81,False
3,34,y500xdia,2,scale_after_scale,GIF,1586760590,20,81,False
3,34,y500xdia,3,scale_after_scale,MyPage1,1586760604,14,81,False
3,34,y500xdia,4,scale_after_scale,MyPage2,1586760611,7,81,False
3,34,y500xdia,5,scale_after_scale,MyPage3,1586760616,5,81,False
3,34,y500xdia,6,scale_after_scale,MyPage4,1586760621,5,81,False
3,34,y500xdia,10,scale_after_scale,MyPage1,1586760638,17,82,False
3,34,y500xdia,11,scale_after_scale,MyPage2,1586760643,5,82,False
3,34,y500xdia,12,scale_after_scale,MyPage3,1586760646,3,82,False
3,34,y500xdia,13,scale_after_scale,MyPage4,1586760649,3,82,False
3,34,y500xdia,17,scale_after_scale,MyPage1,1586760662,13,83,False
3,34,y500xdia,18,scale_after_scale,MyPage2,1586760666,4,83,False
3,34,y500xdia,19,scale_after_scale,MyPage3,1586760668,2,83,False
3,34,y500xdia,20,scale_after_scale,MyPage4,1586760672,4,83,False
3,34,y500xdia,24,scale_after_scale,MyPage1,1586760678,6,84,False
3,34,y500xdia,25,scale_after_scale,MyPage2,1586760681,3,84,False
3,34,y500xdia,26,scale_after_scale,MyPage3,1586760684,3,84,False
3,34,y500xdia,27,scale_after_scale,MyPage4,1586760687,3,84,False
3,34,y500xdia,31,scale_after_scale,MyPage1,1586760696,9,85,False
3,34,y500xdia,32,scale_after_scale,MyPage2,1586760699,3,85,False
3,34,y500xdia,33,scale_after_scale,MyPage3,1586760703,4,85,False
3,34,y500xdia,34,scale_after_scale,MyPage4,1586760707,4,85,False
3,40,anauza5i,1,scale_after_scale,Introduction,1586775274,91,81,False
3,40,anauza5i,2,scale_after_scale,GIF,1586775292,18,81,False
3,40,anauza5i,3,scale_after_scale,MyPage1,1586775327,35,81,False
3,40,anauza5i,4,scale_after_scale,MyPage2,1586775335,8,81,False
3,40,anauza5i,5,scale_after_scale,MyPage3,1586775338,3,81,False
3,40,anauza5i,6,scale_after_scale,MyPage4,1586775345,7,81,False
3,40,anauza5i,10,scale_after_scale,MyPage1,1586775361,16,82,False
3,40,anauza5i,11,scale_after_scale,MyPage2,1586775365,4,82,False
3,40,anauza5i,12,scale_after_scale,MyPage3,1586775368,3,82,False
3,40,anauza5i,13,scale_after_scale,MyPage4,1586775371,3,82,False
3,40,anauza5i,17,scale_after_scale,MyPage1,1586775379,8,83,False
3,40,anauza5i,18,scale_after_scale,MyPage2,1586775382,3,83,False
3,40,anauza5i,19,scale_after_scale,MyPage3,1586775387,5,83,False
3,40,anauza5i,20,scale_after_scale,MyPage4,1586775393,6,83,False
3,40,anauza5i,24,scale_after_scale,MyPage1,1586775410,17,84,False
3,40,anauza5i,25,scale_after_scale,MyPage2,1586775415,5,84,False
3,40,anauza5i,26,scale_after_scale,MyPage3,1586775423,8,84,False
3,40,anauza5i,27,scale_after_scale,MyPage4,1586775427,4,84,False
3,44,ouzs42u5,1,scale_after_scale,Introduction,1586795258,54,81,False
3,44,ouzs42u5,2,scale_after_scale,GIF,1586795293,35,81,False
3,44,ouzs42u5,3,scale_after_scale,MyPage1,1586795342,49,81,False
3,44,ouzs42u5,4,scale_after_scale,MyPage2,1586795363,21,81,False
3,44,ouzs42u5,5,scale_after_scale,MyPage3,1586795379,16,81,False
3,44,ouzs42u5,6,scale_after_scale,MyPage4,1586795384,5,81,False
3,44,ouzs42u5,10,scale_after_scale,MyPage1,1586795396,12,82,False
3,44,ouzs42u5,11,scale_after_scale,MyPage2,1586795406,10,82,False
3,44,ouzs42u5,12,scale_after_scale,MyPage3,1586795413,7,82,False
3,44,ouzs42u5,13,scale_after_scale,MyPage4,1586795419,6,82,False
3,44,ouzs42u5,17,scale_after_scale,MyPage1,1586795434,15,83,False
3,44,ouzs42u5,18,scale_after_scale,MyPage2,1586795438,4,83,False
3,44,ouzs42u5,19,scale_after_scale,MyPage3,1586795445,7,83,False
3,44,ouzs42u5,20,scale_after_scale,MyPage4,1586795450,5,83,False
3,44,ouzs42u5,24,scale_after_scale,MyPage1,1586795474,24,84,False
3,44,ouzs42u5,25,scale_after_scale,MyPage2,1586795485,11,84,False
3,44,ouzs42u5,26,scale_after_scale,MyPage3,1586795494,9,84,False
3,44,ouzs42u5,27,scale_after_scale,MyPage4,1586795499,5,84,False
3,44,ouzs42u5,31,scale_after_scale,MyPage1,1586795520,21,85,False
3,44,ouzs42u5,32,scale_after_scale,MyPage2,1586795532,12,85,False
3,44,ouzs42u5,33,scale_after_scale,MyPage3,1586795556,24,85,False
3,44,ouzs42u5,34,scale_after_scale,MyPage4,1586795564,8,85,False
3,44,ouzs42u5,38,scale_after_scale,MyPage1,1586795601,37,86,False
3,44,ouzs42u5,39,scale_after_scale,MyPage2,1586795604,3,86,False
3,44,ouzs42u5,40,scale_after_scale,MyPage3,1586795607,3,86,False
3,44,ouzs42u5,41,scale_after_scale,MyPage4,1586795609,2,86,False
3,44,ouzs42u5,45,scale_after_scale,MyPage1,1586795628,19,87,False
3,44,ouzs42u5,46,scale_after_scale,MyPage2,1586795635,7,87,False
3,44,ouzs42u5,47,scale_after_scale,MyPage3,1586795643,8,87,False
3,44,ouzs42u5,48,scale_after_scale,MyPage4,1586795649,6,87,False
3,44,ouzs42u5,52,scale_after_scale,MyPage1,1586795665,16,88,False
3,44,ouzs42u5,53,scale_after_scale,MyPage2,1586795675,10,88,False
3,44,ouzs42u5,54,scale_after_scale,MyPage3,1586795693,18,88,False
3,44,ouzs42u5,55,scale_after_scale,MyPage4,1586795706,13,88,False
3,44,ouzs42u5,59,scale_after_scale,MyPage1,1586795721,15,89,False
3,44,ouzs42u5,60,scale_after_scale,MyPage2,1586795728,7,89,False
3,44,ouzs42u5,61,scale_after_scale,MyPage3,1586795735,7,89,False
3,44,ouzs42u5,62,scale_after_scale,MyPage4,1586795740,5,89,False
3,44,ouzs42u5,66,scale_after_scale,MyPage1,1586795761,21,90,False
3,44,ouzs42u5,67,scale_after_scale,MyPage2,1586795763,2,90,False
3,44,ouzs42u5,68,scale_after_scale,MyPage3,1586795767,4,90,False
3,44,ouzs42u5,69,scale_after_scale,MyPage4,1586795769,2,90,False
3,44,ouzs42u5,70,scale_after_scale,ExitPage,1586795778,9,90,False
3,44,ouzs42u5,73,scale_after_scale,MyPage1,1586797260,1482,91,False
3,44,ouzs42u5,74,scale_after_scale,MyPage2,1586797264,4,91,False
3,44,ouzs42u5,75,scale_after_scale,MyPage3,1586797273,9,91,False
3,44,ouzs42u5,76,scale_after_scale,MyPage4,1586797279,6,91,False
3,44,ouzs42u5,80,scale_after_scale,MyPage1,1586797295,16,92,False
3,44,ouzs42u5,81,scale_after_scale,MyPage2,1586797297,2,92,False
3,44,ouzs42u5,82,scale_after_scale,MyPage3,1586797299,2,92,False
3,44,ouzs42u5,83,scale_after_scale,MyPage4,1586797306,7,92,False
3,44,ouzs42u5,87,scale_after_scale,MyPage1,1586797318,12,93,False
3,44,ouzs42u5,88,scale_after_scale,MyPage2,1586797320,2,93,False
3,44,ouzs42u5,89,scale_after_scale,MyPage3,1586797323,3,93,False
3,44,ouzs42u5,90,scale_after_scale,MyPage4,1586797326,3,93,False
3,44,ouzs42u5,94,scale_after_scale,MyPage1,1586797355,29,94,False
3,44,ouzs42u5,95,scale_after_scale,MyPage2,1586797359,4,94,False
3,44,ouzs42u5,96,scale_after_scale,MyPage3,1586797363,4,94,False
3,44,ouzs42u5,97,scale_after_scale,MyPage4,1586797366,3,94,False
3,44,ouzs42u5,101,scale_after_scale,MyPage1,1586797391,25,95,False
3,44,ouzs42u5,102,scale_after_scale,MyPage2,1586797404,13,95,False
3,44,ouzs42u5,103,scale_after_scale,MyPage3,1586797417,13,95,False
3,44,ouzs42u5,104,scale_after_scale,MyPage4,1586797427,10,95,False
3,44,ouzs42u5,108,scale_after_scale,MyPage1,1586797457,30,96,False
3,44,ouzs42u5,109,scale_after_scale,MyPage2,1586797459,2,96,False
3,44,ouzs42u5,110,scale_after_scale,MyPage3,1586797464,5,96,False
3,44,ouzs42u5,111,scale_after_scale,MyPage4,1586797471,7,96,False
3,44,ouzs42u5,115,scale_after_scale,MyPage1,1586797498,27,97,False
3,44,ouzs42u5,116,scale_after_scale,MyPage2,1586797501,3,97,False
3,44,ouzs42u5,117,scale_after_scale,MyPage3,1586797507,6,97,False
3,44,ouzs42u5,118,scale_after_scale,MyPage4,1586797510,3,97,False
3,44,ouzs42u5,122,scale_after_scale,MyPage1,1586797519,9,98,False
3,44,ouzs42u5,123,scale_after_scale,MyPage2,1586797525,6,98,False
3,44,ouzs42u5,124,scale_after_scale,MyPage3,1586797527,2,98,False
3,44,ouzs42u5,125,scale_after_scale,MyPage4,1586797530,3,98,False
3,44,ouzs42u5,129,scale_after_scale,MyPage1,1586797540,10,99,False
3,44,ouzs42u5,130,scale_after_scale,MyPage2,1586797547,7,99,False
3,44,ouzs42u5,131,scale_after_scale,MyPage3,1586797559,12,99,False
3,44,ouzs42u5,132,scale_after_scale,MyPage4,1586797566,7,99,False
3,44,ouzs42u5,136,scale_after_scale,MyPage1,1586797575,9,100,False
3,44,ouzs42u5,137,scale_after_scale,MyPage2,1586797578,3,100,False
3,44,ouzs42u5,138,scale_after_scale,MyPage3,1586797585,7,100,False
3,44,ouzs42u5,139,scale_after_scale,MyPage4,1586797588,3,100,False
3,45,1ercqzju,1,scale_after_scale,Introduction,1586798064,426,81,False
3,46,nvvxa7mk,1,scale_after_scale,Introduction,1586798293,9,81,False
